{
  "source": "userInterface",
  "revision": 1,
  "description": null,
  "createdBy": "{}",
  "createdOn": "",
  "modifiedBy": "{}",
  "modifiedOn": "",
  "isDeleted": false,
  "lastRelease": {
    "id": 1,
    "name": "Release-1",
    "artifacts": [],
    "_links": {},
    "description": "",
    "releaseDefinition": {
      "id": 1,
      "projectReference": null,
      "_links": {}
    },
    "createdOn": "2020-05-26T21:38:18.56Z",
    "createdBy": {
      "displayName": "RAVI JAMMALAMADAKA",
      "url": "https://spsprodcus3.vssps.visualstudio.com/A6844ed3b-a8ce-4fd7-8879-252396b6b0a9/_apis/Identities/d3f217f8-4ef5-62d7-bd06-77bb338235a3",
      "_links": {
        "avatar": {
          "href": "https://dev.azure.com/rj6168/_apis/GraphProfile/MemberAvatars/aad.ZDNmMjE3ZjgtNGVmNS03MmQ3LWJkMDYtNzdiYjMzODIzNWEz"
        }
      },
      "id": "d3f217f8-4ef5-62d7-bd06-77bb338235a3",
      "uniqueName": "rj6168@att.com",
      "imageUrl": "https://dev.azure.com/rj6168/_apis/GraphProfile/MemberAvatars/aad.ZDNmMjE3ZjgtNGVmNS03MmQ3LWJkMDYtNzdiYjMzODIzNWEz",
      "descriptor": "aad.ZDNmMjE3ZjgtNGVmNS03MmQ3LWJkMDYtNzdiYjMzODIzNWEz"
    }
  },
  "variables": {},
  "variableGroups": [],
  "environments": [
    {
      "id": 1,
      "name": "Stage 1",
      "rank": 1,
      "owner": {
        "displayName": "$OwnerDisplayName$",
        "url": "",
        "_links": "{}",
        "id": "$OwnerId$",
        "uniqueName": "$OwnerUniqueName$",
        "imageUrl": "",
        "descriptor": ""
      },
      "variables": {},
      "variableGroups": [],
      "preDeployApprovals": {
        "approvals": [
          {
            "rank": 1,
            "isAutomated": true,
            "isNotificationOn": false,
            "id": 1
          }
        ],
        "approvalOptions": {
          "requiredApproverCount": null,
          "releaseCreatorCanBeApprover": false,
          "autoTriggeredAndPreviousEnvironmentApprovedCanBeSkipped": false,
          "enforceIdentityRevalidation": false,
          "timeoutInMinutes": 0,
          "executionOrder": "beforeGates"
        }
      },
      "deployStep": {
        "id": 2
      },
      "postDeployApprovals": {
        "approvals": [
          {
            "rank": 1,
            "isAutomated": true,
            "isNotificationOn": false,
            "id": 3
          }
        ],
        "approvalOptions": {
          "requiredApproverCount": null,
          "releaseCreatorCanBeApprover": false,
          "autoTriggeredAndPreviousEnvironmentApprovedCanBeSkipped": false,
          "enforceIdentityRevalidation": false,
          "timeoutInMinutes": 0,
          "executionOrder": "afterSuccessfulGates"
        }
      },
      "deployPhases": [
        {
          "deploymentInput": {
            "parallelExecution": {
              "parallelExecutionType": "none"
            },
            "agentSpecification": {
              "identifier": "vs2017-win2016"
            },
            "skipArtifactsDownload": false,
            "artifactsDownloadInput": {
              "downloadInputs": []
            },
            "queueId": "$Azure Pipelines$",
            "demands": [],
            "enableAccessToken": false,
            "timeoutInMinutes": 0,
            "jobCancelTimeoutInMinutes": 1,
            "condition": "succeeded()",
            "overrideInputs": {}
          },
          "rank": 1,
          "phaseType": "agentBasedDeployment",
          "name": "Agent job",
          "refName": null,
          "workflowTasks": [
            {
              "environment": {},
              "taskId": "cbc316a2-586f-4def-be79-488a1f503564",
              "version": "0.*",
              "name": "kubectl ",
              "refName": "",
              "enabled": true,
              "alwaysRun": false,
              "continueOnError": false,
              "timeoutInMinutes": 0,
              "definitionType": null,
              "overrideInputs": {},
              "condition": "succeeded()",
              "inputs": {
                "kubernetesServiceEndpoint": "",
                "namespace": "",
                "command": "",
                "useConfigurationFile": "false",
                "configuration": "",
                "arguments": "",
                "secretType": "dockerRegistry",
                "secretArguments": "",
                "containerRegistryType": "Azure Container Registry",
                "dockerRegistryEndpoint": "",
                "azureSubscriptionEndpoint": "",
                "azureContainerRegistry": "",
                "secretName": "",
                "forceUpdate": "true",
                "configMapName": "",
                "forceUpdateConfigMap": "false",
                "useConfigMapFile": "false",
                "configMapFile": "",
                "configMapArguments": "",
                "versionOrLocation": "version",
                "versionSpec": "1.7.0",
                "checkLatest": "false",
                "specifyLocation": "",
                "cwd": "$(System.DefaultWorkingDirectory)",
                "outputFormat": "json",
                "kubectlOutput": ""
              }
            }
          ]
        }
      ],
      "environmentOptions": {
        "emailNotificationType": "OnlyOnFailure",
        "emailRecipients": "release.environment.owner;release.creator",
        "skipArtifactsDownload": false,
        "timeoutInMinutes": 0,
        "enableAccessToken": false,
        "publishDeploymentStatus": true,
        "badgeEnabled": false,
        "autoLinkWorkItems": false,
        "pullRequestDeploymentEnabled": false
      },
      "demands": [],
      "conditions": [
        {
          "name": "ReleaseStarted",
          "conditionType": "event",
          "value": ""
        }
      ],
      "executionPolicy": {
        "concurrencyCount": 1,
        "queueDepthCount": 0
      },
      "schedules": [],
      "currentRelease": {
        "id": 1,
        "url": "https://vsrm.dev.azure.com/rj6168/60760f5d-6838-4361-bd6d-8f8b6efe0ef7/_apis/Release/releases/1",
        "_links": {}
      },
      "retentionPolicy": {
        "daysToKeep": 30,
        "releasesToKeep": 3,
        "retainBuild": true
      },
      "processParameters": {},
      "properties": {
        "BoardsEnvironmentType": {
          "$type": "System.String",
          "$value": "unmapped"
        },
        "LinkBoardsWorkItems": {
          "$type": "System.String",
          "$value": "False"
        }
      },
      "preDeploymentGates": {
        "id": 0,
        "gatesOptions": null,
        "gates": []
      },
      "postDeploymentGates": {
        "id": 0,
        "gatesOptions": null,
        "gates": []
      },
      "environmentTriggers": [],
      "badgeUrl": ""
    }
  ],
  "artifacts": [],
  "triggers": [],
  "releaseNameFormat": "Release-$(rev:r)",
  "tags": [],
  "properties": {
    "DefinitionCreationSource": {
      "$type": "System.String",
      "$value": "ReleaseNew"
    },
    "IntegrateBoardsWorkItems": {
      "$type": "System.String",
      "$value": "False"
    },
    "IntegrateJiraWorkItems": {
      "$type": "System.String",
      "$value": "false"
    }
  },
  "id": "",
  "name": "New release pipeline",
  "path": "\\",
  "projectReference": null,
  "url": "",
  "_links": "{}"
}