{
  "data": {
    "subscriptionId": "077d4efd-57f5-4196-be7f-c66a737c0d89",
    "subscriptionName": "ACC-NPRD-22868-AJSC",
    "registrytype": "ACR"
  },
  "name": "acrajscseeds",
  "type": "dockerregistry",
  "url": "https://hub.docker.com/",
  "authorization": {
    "parameters": {
      "tenantId": "e741d71c-c6b6-47b0-803c-0f3b32b07556",
      "servicePrincipalId": "00869819-9381-4495-a4f4-5eb25fd8011a"
    },
    "scheme": "ServicePrincipal"
  },
  "isShared": false,
  "isReady": true,
  "owner": "Library"
}