{
  "data": {
    "authorizationType": "AzureSubscription"
  },
  "name": "ajscaks",
  "type": "kubernetes",
  "url": "https://ajsc-dns-d7a27715.hcp.centralus.azmk8s.io",
  "authorization": {
    "parameters": {
      "azureTenantId": "e741d71c-c6b6-47b0-803c-0f3b32b07556",
      "azureEnvironment": "AzureCloud",
      "roleBindingName": "azdev-rb-azdev-sa-e9ed2a-admin-on-default",
      "secretName": "azdev-sa-e9ed2a-token-ht5wd",
      "serviceAccountName": "azdev-sa-e9ed2a"
    },
    "scheme": "Kubernetes"
  },
  "isShared": false,
  "isReady": true,
  "owner": "Library"
}