{
  "data": {
    "environment": "AzureCloud",
    "subscriptionId": "077d4efd-57f5-4196-be7f-c66a737c0d89",
    "subscriptionName": "ACC-NPRD-22868-AJSC",
    "scopeLevel": "Subscription"
  },
  "name": "AJSC",
  "type": "azurerm",
  "url": "https://management.azure.com/",
  "authorization": {
    "parameters": {
      "tenantId": "e741d71c-c6b6-47b0-803c-0f3b32b07556",
      "servicePrincipalId": "0bddac38-bc4c-4dc6-a8ea-4cb13f0abea4",
      "authenticationType": "spnKey",
      "servicePrincipalKey": "spnKey"
    },
    "scheme": "ServicePrincipal"
  },
  "isShared": false,
  "isReady": true,
  "owner": "Library"
}